{
    "args": {
        "model_config_path": "scripts/../gpu_simulation/model_config/Qwen2.5-3B-Instruct.json",
        "hardware_config_path": "scripts/../gpu_simulation/hardware_config/RTX4090.yaml",
        "sum_seq_len": 8192,
        "gen_seq_len": 64,
        "batch_size": 1
    },
    "performance": {
        "unit": {
            "time": "ms",
            "throughput": "tokens/s"
        },
        "TTFT_time": 100.57051368065356,
        "decoding_time": 452.025778176,
        "decoding_throughput": 141.5848455772827,
        "performance_per_layer": {
            "unit": {
                "time": "ms",
                "flops": "GFLOPs",
                "throughput": "TFLOPS",
                "arithmetic_intensity": "FLOPS/byte"
            },
            "prefill": {
                "overall": {
                    "time": 2.7936253800181543,
                    "flops": 1812.4761989120002,
                    "throughput": 648.7899959228685,
                    "arithmetic_intensity": 1676.5392822502424
                },
                "breakdown": {
                    "wq": {
                        "type": "gemm",
                        "time": 0.10396289975189109,
                        "flops": 68.719476736,
                        "throughput": 660.9999999999999,
                        "arithmetic_intensity": 910.2222222222222,
                        "metadata": {
                            "params": {
                                "B": 1,
                                "M": 8192,
                                "N": 2048,
                                "K": 2048
                            }
                        }
                    },
                    "wk": {
                        "type": "gemm",
                        "time": 0.038797312,
                        "flops": 8.589934592,
                        "throughput": 221.40540540540542,
                        "arithmetic_intensity": 221.40540540540542,
                        "metadata": {
                            "params": {
                                "B": 1,
                                "M": 8192,
                                "N": 256,
                                "K": 2048
                            }
                        }
                    },
                    "wv": {
                        "type": "gemm",
                        "time": 0.038797312,
                        "flops": 8.589934592,
                        "throughput": 221.40540540540542,
                        "arithmetic_intensity": 221.40540540540542,
                        "metadata": {
                            "params": {
                                "B": 1,
                                "M": 8192,
                                "N": 256,
                                "K": 2048
                            }
                        }
                    },
                    "wo": {
                        "type": "gemm",
                        "time": 0.10396289975189109,
                        "flops": 68.719476736,
                        "throughput": 660.9999999999999,
                        "arithmetic_intensity": 910.2222222222222,
                        "metadata": {
                            "params": {
                                "B": 1,
                                "M": 8192,
                                "N": 2048,
                                "K": 2048
                            }
                        }
                    },
                    "w1": {
                        "type": "gemm",
                        "time": 0.5588005861664145,
                        "flops": 369.367187456,
                        "throughput": 661.0,
                        "arithmetic_intensity": 1426.1376518218624,
                        "metadata": {
                            "params": {
                                "B": 1,
                                "M": 8192,
                                "N": 2048,
                                "K": 11008
                            }
                        }
                    },
                    "w3": {
                        "type": "gemm",
                        "time": 0.5588005861664145,
                        "flops": 369.367187456,
                        "throughput": 661.0,
                        "arithmetic_intensity": 1426.1376518218624,
                        "metadata": {
                            "params": {
                                "B": 1,
                                "M": 8192,
                                "N": 2048,
                                "K": 11008
                            }
                        }
                    },
                    "w2": {
                        "type": "gemm",
                        "time": 0.5588005861664145,
                        "flops": 369.367187456,
                        "throughput": 661.0,
                        "arithmetic_intensity": 1426.1376518218624,
                        "metadata": {
                            "params": {
                                "B": 1,
                                "M": 8192,
                                "N": 11008,
                                "K": 2048
                            }
                        }
                    },
                    "qK_softmax_sV_fused": {
                        "type": "qK_softmax_sV_fused",
                        "time": 0.8317031980151287,
                        "flops": 549.755813888,
                        "throughput": 660.9999999999999,
                        "arithmetic_intensity": 7281.777777777777,
                        "metadata": {
                            "params": {
                                "B": 1,
                                "H_kv": 2,
                                "num_q_per_kv": 8,
                                "Lin": 8192,
                                "D_h": 128
                            },
                            "flops": 549755813888,
                            "data_transfer_size": 75497472,
                            "data_transfer_size_breakdown": {
                                "Q": 33554432,
                                "K": 4194304,
                                "V": 4194304,
                                "output": 33554432
                            }
                        }
                    }
                }
            },
            "decode": {
                "overall": {
                    "time": 0.196191744,
                    "flops": 0.22124953600000002,
                    "throughput": 1.1277209299897963,
                    "arithmetic_intensity": 1.1277209299897961
                },
                "breakdown": {
                    "wq": {
                        "time": 0.008396800000000001,
                        "flops": 0.008388608,
                        "throughput": 0.9990243902439024,
                        "arithmetic_intensity": 0.9990243902439024,
                        "metadata": {
                            "params": {
                                "B": 1,
                                "M": 1,
                                "N": 2048,
                                "K": 2048
                            }
                        }
                    },
                    "wk": {
                        "time": 0.001053184,
                        "flops": 0.001048576,
                        "throughput": 0.9956246961594556,
                        "arithmetic_intensity": 0.9956246961594555,
                        "metadata": {
                            "params": {
                                "B": 1,
                                "M": 1,
                                "N": 256,
                                "K": 2048
                            }
                        }
                    },