{
    "args": {
        "model_name": "state-spaces/mamba-2.8b-hf",
        "batch_size": 1,
        "sum_seq_len": 1024,
        "gen_seq_len": 64,
        "warmup_iters": 20,
        "seed": 42
    },
    "performance": {
        "unit": {
            "time": "ms",
            "throughput": "tokens/s",
            "memory": "GB"
        },
        "TTFT_time": 7904.5048828125,
        "decoding_time": 5471.18505859375,
        "decoding_throughput": 11.697648555951025
    },
    "memory_usage": {
        "load_model_peak_memory": 5.157055854797363,
        "prefill_peak_memory": 1.0581727027893066,
        "decoding_peak_memory": 0.014325141906738281
    },
    "finegrained": {
        "components": [
            "in_proj",
            "conv1d",
            "x_proj",
            "dt_proj",
            "softplus",
            "discrete_A",
            "discrete_B",
            "deltaB_u",
            "scan_ssm_update",
            "scan_matmul",
            "scan_add_D",
            "scan_act_gate",
            "update_ssm_state",
            "out_proj"
        ],
        "prefill": {
            "in_proj": 0.376630000770092,
            "conv1d": 0.13959799986332655,
            "x_proj": 0.022240000136662275,
            "dt_proj": 0.03417799971066415,
            "softplus": 0.01346300019940827,
            "discrete_A": 1.1133104898035526,
            "discrete_B": 0.39725999580696225,
            "deltaB_u": 0.8046269901096821,
            "scan_ssm_update": 0.03205499040089421,
            "scan_matmul": 0.04995326297800773,
            "scan_add_D": 0.026730500161647797,
            "scan_act_gate": 0.09939300233963877,
            "update_ssm_state": 0.007827000124962069,
            "out_proj": 0.19454199983738363
        },
        "prefill_counts": {
            "in_proj": 64,
            "conv1d": 64,
            "x_proj": 64,
            "dt_proj": 64,
            "softplus": 64,
            "discrete_A": 64,
            "discrete_B": 64,
            "deltaB_u": 64,
            "scan_ssm_update": 65536,
            "scan_matmul": 65536,
            "scan_add_D": 64,
            "scan_act_gate": 64,
            "update_ssm_state": 64,
            "out_proj": 64
        },
        "decode": {
            "in_proj": 0.08476287338362454,
            "conv1d": 0.2567502451202017,
            "x_proj": 0.04678579670508043,
            "dt_proj": 0.054484679880260956,
            "softplus": 0.023916343748282998,
            "discrete_A": 0.03843864869395475,
            "discrete_B": 0.03686280482861548,
            "deltaB_u": 0.03430614849492031,
            "scan_ssm_update": 0.036770586036709574,
            "scan_matmul": 0.051615125309581344,
            "scan_add_D": 0.03903689084381767,
            "scan_act_gate": 0.03361258607083073,
            "update_ssm_state": 0.02763814065463066,
            "out_proj": 0.06237974270061386
        },
        "decode_counts": {
            "in_proj": 4096,
            "conv1d": 4096,
            "x_proj": 4096,
            "dt_proj": 4096,
            "softplus": 4096,
            "discrete_A": 4096,
            "discrete_B": 4096,
            "deltaB_u": 4096,
            "scan_ssm_update": 4096,
            "scan_matmul": 4096,
            "scan_add_D": 4096,
            "scan_act_gate": 4096,
            "update_ssm_state": 4096,
            "out_proj": 4096
        },
        "unit": {
            "time": "ms"
        },
        "detail_enabled": false
    }
}