{
    "args": {
        "model_name": "Qwen/Qwen2.5-3B-Instruct",
        "batch_size": 1,
        "sum_seq_len": 2048,
        "gen_seq_len": 64,
        "warmup_iters": 20,
        "seed": 42
    },
    "performance": {
        "unit": {
            "time": "ms",
            "throughput": "tokens/s",
            "memory": "GB"
        },
        "TTFT_time": 102.23513793945312,
        "decoding_time": 2473.006103515625,
        "decoding_throughput": 25.879434712683324
    },
    "memory_usage": {
        "load_model_peak_memory": 5.748046875,
        "prefill_peak_memory": 0.658203125,
        "decoding_peak_memory": 0.0029578208923339844
    },
    "finegrained": {
        "unit": {
            "time": "ms",
            "throughput": "tokens/s"
        },
        "components": [
            "wq",
            "wk",
            "wv",
            "wo",
            "qK",
            "softmax",
            "sV",
            "w1",
            "w2",
            "w3",
            "qK_softmax_sV_fused"
        ],
        "prefill": {
            "wq": 0.11002488889627987,
            "wk": 0.023915556052492723,
            "wv": 0.024037333877964154,
            "wo": 0.11335111243857278,
            "qK": null,
            "softmax": null,
            "sV": null,
            "w1": 0.5765084425608317,
            "w2": 0.5778302136394713,
            "w3": 0.5823164499468274,
            "qK_softmax_sV_fused": 0.1712640014787515
        },
        "prefill_counts": {
            "wq": 36,
            "wk": 36,
            "wv": 36,
            "wo": 36,
            "qK": 0,
            "softmax": 0,
            "sV": 0,
            "w1": 36,
            "w2": 36,
            "w3": 36,
            "qK_softmax_sV_fused": 36
        },
        "decode": {
            "wq": 0.06719502739765125,
            "wk": 0.05813650022618175,
            "wv": 0.05515995852854556,
            "wo": 0.05151104141259566,
            "qK": null,
            "softmax": null,
            "sV": null,
            "w1": 0.08069187642993508,
            "w2": 0.07207748625498628,
            "w3": 0.07350030602214651,
            "qK_softmax_sV_fused": 0.05888263896243492
        },
        "decode_counts": {
            "wq": 2304,
            "wk": 2304,
            "wv": 2304,
            "wo": 2304,
            "qK": 0,
            "softmax": 0,
            "sV": 0,
            "w1": 2304,
            "w2": 2304,
            "w3": 2304,
            "qK_softmax_sV_fused": 2304
        },
        "fused_attention": true,
        "note": "If qK/softmax/sV are fused (e.g., SDPA/FlashAttention), timings appear under qK_softmax_sV_fused.",
        "detail_enabled": false
    }
}