{
    "args": {
        "model_name": "state-spaces/mamba-2.8b-hf",
        "batch_size": 1,
        "sum_seq_len": 2048,
        "gen_seq_len": 64,
        "warmup_iters": 20,
        "seed": 42
    },
    "performance": {
        "unit": {
            "time": "ms",
            "throughput": "tokens/s",
            "memory": "GB"
        },
        "TTFT_time": 15346.369140625,
        "decoding_time": 4526.29296875,
        "decoding_throughput": 14.139606172614696
    },
    "memory_usage": {
        "load_model_peak_memory": 5.157055854797363,
        "prefill_peak_memory": 2.1034607887268066,
        "decoding_peak_memory": 0.014325141906738281
    },
    "finegrained": {
        "components": [
            "in_proj",
            "conv1d",
            "x_proj",
            "dt_proj",
            "softplus",
            "discrete_A",
            "discrete_B",
            "deltaB_u",
            "scan_ssm_update",
            "scan_matmul",
            "scan_add_D",
            "scan_act_gate",
            "update_ssm_state",
            "out_proj"
        ],
        "prefill": {
            "in_proj": 0.7196994991973042,
            "conv1d": 0.2766269976273179,
            "x_proj": 0.04095550032798201,
            "dt_proj": 0.05386549967806786,
            "softplus": 0.019595999328885227,
            "discrete_A": 2.2389669977128506,
            "discrete_B": 0.7947129942476749,
            "deltaB_u": 1.6059119775891304,
            "scan_ssm_update": 0.030913212304810145,
            "scan_matmul": 0.04917345860109634,
            "scan_add_D": 0.06233599898405373,
            "scan_act_gate": 0.2137635003309697,
            "update_ssm_state": 0.007127000077161938,
            "out_proj": 0.38430050294846296
        },
        "prefill_counts": {
            "in_proj": 64,
            "conv1d": 64,
            "x_proj": 64,
            "dt_proj": 64,
            "softplus": 64,
            "discrete_A": 64,
            "discrete_B": 64,
            "deltaB_u": 64,
            "scan_ssm_update": 131072,
            "scan_matmul": 131072,
            "scan_add_D": 64,
            "scan_act_gate": 64,
            "update_ssm_state": 64,
            "out_proj": 64
        },
        "decode": {
            "in_proj": 0.08403528735289001,
            "conv1d": 0.0918384621036239,
            "x_proj": 0.04536257791733078,
            "dt_proj": 0.05283718771806889,
            "softplus": 0.02257302327279831,
            "discrete_A": 0.0365690938770058,
            "discrete_B": 0.03480374214177573,
            "deltaB_u": 0.03157406258151241,
            "scan_ssm_update": 0.03455889836504866,
            "scan_matmul": 0.04991157066797314,
            "scan_add_D": 0.038350289323716424,
            "scan_act_gate": 0.03226708609827256,
            "update_ssm_state": 0.026567422090920445,
            "out_proj": 0.06135277402972861
        },
        "decode_counts": {
            "in_proj": 4096,
            "conv1d": 4096,
            "x_proj": 4096,
            "dt_proj": 4096,
            "softplus": 4096,
            "discrete_A": 4096,
            "discrete_B": 4096,
            "deltaB_u": 4096,
            "scan_ssm_update": 4096,
            "scan_matmul": 4096,
            "scan_add_D": 4096,
            "scan_act_gate": 4096,
            "update_ssm_state": 4096,
            "out_proj": 4096
        },
        "unit": {
            "time": "ms"
        },
        "detail_enabled": false
    }
}