{
    "args": {
        "model_name": "state-spaces/mamba-2.8b-hf",
        "batch_size": 1,
        "sum_seq_len": 2048,
        "gen_seq_len": 64,
        "warmup_iters": 20,
        "seed": 42
    },
    "performance": {
        "TTFT_time": 15212.18359375,
        "decoding_time": 4550.556640625,
        "latency_unit": "ms",
        "decoding_throughput": 14.06421346976353,
        "throughput_unit": "tokens/s"
    },
    "memory_usage": {
        "load_model_peak_memory": 5.157055854797363,
        "prefill_peak_memory": 2.1034607887268066,
        "decoding_peak_memory": 0.014325141906738281,
        "memory_unit": "GB"
    },
    "finegrained": {
        "components": [
            "in_proj",
            "conv1d",
            "x_proj",
            "dt_proj",
            "softplus",
            "discrete_A",
            "discrete_B",
            "deltaB_u",
            "scan_ssm_update",
            "scan_matmul",
            "scan_add_D",
            "scan_act_gate",
            "update_ssm_state",
            "out_proj"
        ],
        "prefill_avg_ms": {
            "in_proj": 0.7179330037906766,
            "conv1d": 0.2788140024058521,
            "x_proj": 0.04026250040624291,
            "dt_proj": 0.051771498983725905,
            "softplus": 0.019458999391645193,
            "discrete_A": 2.23869151994586,
            "discrete_B": 0.7950164983049035,
            "deltaB_u": 1.605391489341855,
            "scan_ssm_update": 0.030739986254925356,
            "scan_matmul": 0.04843155623212425,
            "scan_add_D": 0.06366149900713935,
            "scan_act_gate": 0.21051100152544677,
            "update_ssm_state": 0.007223500084364787,
            "out_proj": 0.3834555009379983
        },
        "prefill_counts": {
            "in_proj": 64,
            "conv1d": 64,
            "x_proj": 64,
            "dt_proj": 64,
            "softplus": 64,
            "discrete_A": 64,
            "discrete_B": 64,
            "deltaB_u": 64,
            "scan_ssm_update": 131072,
            "scan_matmul": 131072,
            "scan_add_D": 64,
            "scan_act_gate": 64,
            "update_ssm_state": 64,
            "out_proj": 64
        },
        "decode_avg_ms": {
            "in_proj": 0.08343026392503816,
            "conv1d": 0.10258593159051088,
            "x_proj": 0.04460953877878637,
            "dt_proj": 0.052036500505892036,
            "softplus": 0.022658492073333036,
            "discrete_A": 0.03695724240242271,
            "discrete_B": 0.03565228135948928,
            "deltaB_u": 0.03279668755885723,
            "scan_ssm_update": 0.03559502350708499,
            "scan_matmul": 0.049662711243399826,
            "scan_add_D": 0.03850221119228081,
            "scan_act_gate": 0.031941047020154656,
            "update_ssm_state": 0.02681185164465205,
            "out_proj": 0.0606073676754022
        },
        "decode_counts": {
            "in_proj": 4096,
            "conv1d": 4096,
            "x_proj": 4096,
            "dt_proj": 4096,
            "softplus": 4096,
            "discrete_A": 4096,
            "discrete_B": 4096,
            "deltaB_u": 4096,
            "scan_ssm_update": 4096,
            "scan_matmul": 4096,
            "scan_add_D": 4096,
            "scan_act_gate": 4096,
            "update_ssm_state": 4096,
            "out_proj": 4096
        },
        "latency_unit": "ms",
        "detail_enabled": false
    }
}