{
    "args": {
        "model_name": "state-spaces/mamba-2.8b-hf",
        "batch_size": 1,
        "sum_seq_len": 8192,
        "gen_seq_len": 64,
        "warmup_iters": 20,
        "seed": 42
    },
    "performance": {
        "TTFT_time": 61948.13671875,
        "decoding_time": 4607.61181640625,
        "latency_unit": "ms",
        "decoding_throughput": 13.890059004562021,
        "throughput_unit": "tokens/s"
    },
    "memory_usage": {
        "load_model_peak_memory": 5.157055854797363,
        "prefill_peak_memory": 8.375189304351807,
        "decoding_peak_memory": 0.014325141906738281,
        "memory_unit": "GB"
    },
    "finegrained": {
        "components": [
            "in_proj",
            "conv1d",
            "x_proj",
            "dt_proj",
            "softplus",
            "discrete_A",
            "discrete_B",
            "deltaB_u",
            "scan_ssm_update",
            "scan_matmul",
            "scan_add_D",
            "scan_act_gate",
            "update_ssm_state",
            "out_proj"
        ],
        "prefill_avg_ms": {
            "in_proj": 2.6793289221823215,
            "conv1d": 1.0874629970639944,
            "x_proj": 0.14614350069314241,
            "dt_proj": 0.3099190043285489,
            "softplus": 0.1689420009497553,
            "discrete_A": 9.014913573861122,
            "discrete_B": 3.179668966680765,
            "deltaB_u": 6.4313894510269165,
            "scan_ssm_update": 0.03194446642172366,
            "scan_matmul": 0.047850107099861816,
            "scan_add_D": 0.4543455019593239,
            "scan_act_gate": 0.7908540004864335,
            "update_ssm_state": 0.007244500076922122,
            "out_proj": 1.457633512094617
        },
        "prefill_counts": {
            "in_proj": 64,
            "conv1d": 64,
            "x_proj": 64,
            "dt_proj": 64,
            "softplus": 64,
            "discrete_A": 64,
            "discrete_B": 64,
            "deltaB_u": 64,
            "scan_ssm_update": 524288,
            "scan_matmul": 524288,
            "scan_add_D": 64,
            "scan_act_gate": 64,
            "update_ssm_state": 64,
            "out_proj": 64
        },
        "decode_avg_ms": {
            "in_proj": 0.08368864673138887,
            "conv1d": 0.09395461923304538,
            "x_proj": 0.045912812300230144,
            "dt_proj": 0.05228211773373914,
            "softplus": 0.02332881252232255,
            "discrete_A": 0.037683601811295375,
            "discrete_B": 0.03653165642492695,
            "deltaB_u": 0.033216593837551045,
            "scan_ssm_update": 0.036178132922259465,
            "scan_matmul": 0.050208211268000014,
            "scan_add_D": 0.03916414858213102,
            "scan_act_gate": 0.03245410170302421,
            "update_ssm_state": 0.02786264048791054,
            "out_proj": 0.06067893797990109
        },
        "decode_counts": {
            "in_proj": 4096,
            "conv1d": 4096,
            "x_proj": 4096,
            "dt_proj": 4096,
            "softplus": 4096,
            "discrete_A": 4096,
            "discrete_B": 4096,
            "deltaB_u": 4096,
            "scan_ssm_update": 4096,
            "scan_matmul": 4096,
            "scan_add_D": 4096,
            "scan_act_gate": 4096,
            "update_ssm_state": 4096,
            "out_proj": 4096
        },
        "latency_unit": "ms",
        "detail_enabled": false
    }
}