{
    "args": {
        "model_name": "state-spaces/mamba-2.8b-hf",
        "batch_size": 1,
        "sum_seq_len": 8192,
        "gen_seq_len": 64,
        "warmup_iters": 20,
        "seed": 42
    },
    "performance": {
        "unit": {
            "time": "ms",
            "throughput": "tokens/s",
            "memory": "GB"
        },
        "TTFT_time": 61956.421875,
        "decoding_time": 4517.7724609375,
        "decoding_throughput": 14.166273435275915
    },
    "memory_usage": {
        "load_model_peak_memory": 5.157055854797363,
        "prefill_peak_memory": 8.375189304351807,
        "decoding_peak_memory": 0.014325141906738281
    },
    "finegrained": {
        "components": [
            "in_proj",
            "conv1d",
            "x_proj",
            "dt_proj",
            "softplus",
            "discrete_A",
            "discrete_B",
            "deltaB_u",
            "scan_ssm_update",
            "scan_matmul",
            "scan_add_D",
            "scan_act_gate",
            "update_ssm_state",
            "out_proj"
        ],
        "prefill": {
            "in_proj": 2.693689439445734,
            "conv1d": 1.086057497188449,
            "x_proj": 0.14623700105585158,
            "dt_proj": 0.30968200182542205,
            "softplus": 0.17176350252702832,
            "discrete_A": 9.010220050811768,
            "discrete_B": 3.178972490131855,
            "deltaB_u": 6.433116994798183,
            "scan_ssm_update": 0.03178467402187923,
            "scan_matmul": 0.047922009193365867,
            "scan_add_D": 0.4574400023557246,
            "scan_act_gate": 0.8058219971135259,
            "update_ssm_state": 0.007264000065333676,
            "out_proj": 1.4559729993343353
        },
        "prefill_counts": {
            "in_proj": 64,
            "conv1d": 64,
            "x_proj": 64,
            "dt_proj": 64,
            "softplus": 64,
            "discrete_A": 64,
            "discrete_B": 64,
            "deltaB_u": 64,
            "scan_ssm_update": 524288,
            "scan_matmul": 524288,
            "scan_add_D": 64,
            "scan_act_gate": 64,
            "update_ssm_state": 64,
            "out_proj": 64
        },
        "decode": {
            "in_proj": 0.0839224280189228,
            "conv1d": 0.09433583809368429,
            "x_proj": 0.04465372624235897,
            "dt_proj": 0.0517395786846464,
            "softplus": 0.022367351349657838,
            "discrete_A": 0.036880382946947066,
            "discrete_B": 0.035509804735738726,
            "deltaB_u": 0.03286150009989797,
            "scan_ssm_update": 0.034781695263518486,
            "scan_matmul": 0.04870110172123532,
            "scan_add_D": 0.038017937774384336,
            "scan_act_gate": 0.03178632046092389,
            "update_ssm_state": 0.02646707055009756,
            "out_proj": 0.06067929732671473
        },
        "decode_counts": {
            "in_proj": 4096,
            "conv1d": 4096,
            "x_proj": 4096,
            "dt_proj": 4096,
            "softplus": 4096,
            "discrete_A": 4096,
            "discrete_B": 4096,
            "deltaB_u": 4096,
            "scan_ssm_update": 4096,
            "scan_matmul": 4096,
            "scan_add_D": 4096,
            "scan_act_gate": 4096,
            "update_ssm_state": 4096,
            "out_proj": 4096
        },
        "unit": {
            "time": "ms"
        },
        "detail_enabled": false
    }
}