{
    "args": {
        "model_name": "state-spaces/mamba-2.8b-hf",
        "batch_size": 1,
        "sum_seq_len": 4096,
        "gen_seq_len": 64,
        "warmup_iters": 20,
        "seed": 42
    },
    "performance": {
        "TTFT_time": 30679.951171875,
        "decoding_time": 4539.96533203125,
        "latency_unit": "ms",
        "decoding_throughput": 14.097023946076131,
        "throughput_unit": "tokens/s"
    },
    "memory_usage": {
        "load_model_peak_memory": 5.157055854797363,
        "prefill_peak_memory": 4.1944966316223145,
        "decoding_peak_memory": 0.014325141906738281,
        "memory_unit": "GB"
    },
    "finegrained": {
        "components": [
            "in_proj",
            "conv1d",
            "x_proj",
            "dt_proj",
            "softplus",
            "discrete_A",
            "discrete_B",
            "deltaB_u",
            "scan_ssm_update",
            "scan_matmul",
            "scan_add_D",
            "scan_act_gate",
            "update_ssm_state",
            "out_proj"
        ],
        "prefill_avg_ms": {
            "in_proj": 1.3825470078736544,
            "conv1d": 0.555842999368906,
            "x_proj": 0.07047050155233592,
            "dt_proj": 0.1624419989529997,
            "softplus": 0.04079299920704216,
            "discrete_A": 4.4987045004963875,
            "discrete_B": 1.5900879837572575,
            "deltaB_u": 3.2144654281437397,
            "scan_ssm_update": 0.03163888824670913,
            "scan_matmul": 0.04757496413031603,
            "scan_add_D": 0.21615900192409754,
            "scan_act_gate": 0.4005310037173331,
            "update_ssm_state": 0.007349000065005384,
            "out_proj": 0.721076506190002
        },
        "prefill_counts": {
            "in_proj": 64,
            "conv1d": 64,
            "x_proj": 64,
            "dt_proj": 64,
            "softplus": 64,
            "discrete_A": 64,
            "discrete_B": 64,
            "deltaB_u": 64,
            "scan_ssm_update": 262144,
            "scan_matmul": 262144,
            "scan_add_D": 64,
            "scan_act_gate": 64,
            "update_ssm_state": 64,
            "out_proj": 64
        },
        "decode_avg_ms": {
            "in_proj": 0.08364958418133028,
            "conv1d": 0.09069619667934603,
            "x_proj": 0.045017109180662374,
            "dt_proj": 0.051781438047328265,
            "softplus": 0.02319542971372357,
            "discrete_A": 0.0368515236350504,
            "discrete_B": 0.03520117198468142,
            "deltaB_u": 0.032727789102864335,
            "scan_ssm_update": 0.03569678918529462,
            "scan_matmul": 0.049720711322152056,
            "scan_add_D": 0.038486695574647456,
            "scan_act_gate": 0.03196515642821396,
            "update_ssm_state": 0.026677382870275324,
            "out_proj": 0.06072010215939372
        },
        "decode_counts": {
            "in_proj": 4096,
            "conv1d": 4096,
            "x_proj": 4096,
            "dt_proj": 4096,
            "softplus": 4096,
            "discrete_A": 4096,
            "discrete_B": 4096,
            "deltaB_u": 4096,
            "scan_ssm_update": 4096,
            "scan_matmul": 4096,
            "scan_add_D": 4096,
            "scan_act_gate": 4096,
            "update_ssm_state": 4096,
            "out_proj": 4096
        },
        "latency_unit": "ms",
        "detail_enabled": false
    }
}