{
    "args": {
        "model_name": "state-spaces/mamba-2.8b-hf",
        "batch_size": 1,
        "sum_seq_len": 4096,
        "gen_seq_len": 64,
        "warmup_iters": 20,
        "seed": 42
    },
    "performance": {
        "unit": {
            "time": "ms",
            "throughput": "tokens/s",
            "memory": "GB"
        },
        "TTFT_time": 32186.853515625,
        "decoding_time": 4778.21044921875,
        "decoding_throughput": 13.39413587579931
    },
    "memory_usage": {
        "load_model_peak_memory": 5.157055854797363,
        "prefill_peak_memory": 4.1944966316223145,
        "decoding_peak_memory": 0.014325141906738281
    },
    "finegrained": {
        "components": [
            "in_proj",
            "conv1d",
            "x_proj",
            "dt_proj",
            "softplus",
            "discrete_A",
            "discrete_B",
            "deltaB_u",
            "scan_ssm_update",
            "scan_matmul",
            "scan_add_D",
            "scan_act_gate",
            "update_ssm_state",
            "out_proj"
        ],
        "prefill": {
            "in_proj": 1.3916684798896313,
            "conv1d": 0.5557994982227683,
            "x_proj": 0.07032650150358677,
            "dt_proj": 0.16246199910528958,
            "softplus": 0.04072949895635247,
            "discrete_A": 4.499036028981209,
            "discrete_B": 1.5903014801442623,
            "deltaB_u": 3.214657425880432,
            "scan_ssm_update": 0.03289000519810514,
            "scan_matmul": 0.05027212297721029,
            "scan_add_D": 0.2167295014951378,
            "scan_act_gate": 0.4004265032708645,
            "update_ssm_state": 0.0072870000440161675,
            "out_proj": 0.7206450058147311
        },
        "prefill_counts": {
            "in_proj": 64,
            "conv1d": 64,
            "x_proj": 64,
            "dt_proj": 64,
            "softplus": 64,
            "discrete_A": 64,
            "discrete_B": 64,
            "deltaB_u": 64,
            "scan_ssm_update": 262144,
            "scan_matmul": 262144,
            "scan_add_D": 64,
            "scan_act_gate": 64,
            "update_ssm_state": 64,
            "out_proj": 64
        },
        "decode": {
            "in_proj": 0.08576843589980854,
            "conv1d": 0.09685086051104008,
            "x_proj": 0.047325726536655566,
            "dt_proj": 0.05515449950235052,
            "softplus": 0.02500759392069085,
            "discrete_A": 0.03869724245760153,
            "discrete_B": 0.037530664278165204,
            "deltaB_u": 0.034818742165953154,
            "scan_ssm_update": 0.03707618766657106,
            "scan_matmul": 0.052482062813396624,
            "scan_add_D": 0.04008871112273482,
            "scan_act_gate": 0.03399021877294217,
            "update_ssm_state": 0.02795132021583413,
            "out_proj": 0.062049992743595794
        },
        "decode_counts": {
            "in_proj": 4096,
            "conv1d": 4096,
            "x_proj": 4096,
            "dt_proj": 4096,
            "softplus": 4096,
            "discrete_A": 4096,
            "discrete_B": 4096,
            "deltaB_u": 4096,
            "scan_ssm_update": 4096,
            "scan_matmul": 4096,
            "scan_add_D": 4096,
            "scan_act_gate": 4096,
            "update_ssm_state": 4096,
            "out_proj": 4096
        },
        "unit": {
            "time": "ms"
        },
        "detail_enabled": false
    }
}