{
    "args": {
        "model_config_path": "scripts/../gpu_simulation/model_config/Qwen2.5-3B-Instruct.json",
        "hardware_config_path": "scripts/../gpu_simulation/hardware_config/RTX4090.yaml",
        "sum_seq_len": 4096,
        "gen_seq_len": 64,
        "batch_size": 1
    },
    "performance": {
        "unit": {
            "time": "ms",
            "throughput": "tokens/s"
        },
        "TTFT_time": 42.83767679419062,
        "decoding_time": 403.707396096,
        "decoding_throughput": 158.53066012390084,
        "performance_per_layer": {
            "unit": {
                "time": "ms",
                "flops": "GFLOPs",
                "throughput": "TFLOPS",
                "arithmetic_intensity": "FLOPS/byte"
            },
            "prefill": {
                "overall": {
                    "time": 1.189935466505295,
                    "flops": 768.799145984,
                    "throughput": 646.0847395715296,
                    "arithmetic_intensity": 1244.7945670628183
                },
                "breakdown": {
                    "wq": {
                        "type": "gemm",
                        "time": 0.051981449875945544,
                        "flops": 34.359738368,
                        "throughput": 660.9999999999999,
                        "arithmetic_intensity": 819.2,
                        "metadata": {
                            "params": {
                                "B": 1,
                                "M": 4096,
                                "N": 2048,
                                "K": 2048
                            }
                        }
                    },
                    "wk": {
                        "type": "gemm",
                        "time": 0.019922944,
                        "flops": 4.294967296,
                        "throughput": 215.57894736842107,
                        "arithmetic_intensity": 215.57894736842104,
                        "metadata": {
                            "params": {
                                "B": 1,
                                "M": 4096,
                                "N": 256,
                                "K": 2048
                            }
                        }
                    },
                    "wv": {
                        "type": "gemm",
                        "time": 0.019922944,
                        "flops": 4.294967296,
                        "throughput": 215.57894736842107,
                        "arithmetic_intensity": 215.57894736842104,
                        "metadata": {
                            "params": {
                                "B": 1,
                                "M": 4096,
                                "N": 256,
                                "K": 2048
                            }
                        }
                    },
                    "wo": {
                        "type": "gemm",
                        "time": 0.051981449875945544,
                        "flops": 34.359738368,
                        "throughput": 660.9999999999999,
                        "arithmetic_intensity": 819.2,
                        "metadata": {
                            "params": {
                                "B": 1,
                                "M": 4096,
                                "N": 2048,
                                "K": 2048
                            }
                        }
                    },
                    "w1": {
                        "type": "gemm",
                        "time": 0.27940029308320724,
                        "flops": 184.683593728,
                        "throughput": 661.0,
                        "arithmetic_intensity": 1214.6758620689654,
                        "metadata": {
                            "params": {
                                "B": 1,
                                "M": 4096,
                                "N": 2048,
                                "K": 11008
                            }
                        }
                    },
                    "w3": {
                        "type": "gemm",
                        "time": 0.27940029308320724,
                        "flops": 184.683593728,
                        "throughput": 661.0,
                        "arithmetic_intensity": 1214.6758620689654,
                        "metadata": {
                            "params": {
                                "B": 1,
                                "M": 4096,
                                "N": 2048,
                                "K": 11008
                            }
                        }
                    },
                    "w2": {
                        "type": "gemm",
                        "time": 0.27940029308320724,
                        "flops": 184.683593728,
                        "throughput": 661.0,
                        "arithmetic_intensity": 1214.6758620689654,
                        "metadata": {
                            "params": {
                                "B": 1,
                                "M": 4096,
                                "N": 11008,
                                "K": 2048
                            }
                        }
                    },
                    "qK_softmax_sV_fused": {
                        "type": "qK_softmax_sV_fused",
                        "time": 0.20792579950378218,
                        "flops": 137.438953472,
                        "throughput": 660.9999999999999,
                        "arithmetic_intensity": 3640.8888888888887,
                        "metadata": {
                            "params": {
                                "B": 1,
                                "H_kv": 2,
                                "num_q_per_kv": 8,
                                "Lin": 4096,
                                "D_h": 128
                            },
                            "flops": 137438953472,
                            "data_transfer_size": 37748736,
                            "data_transfer_size_breakdown": {
                                "Q": 16777216,
                                "K": 2097152,
                                "V": 2097152,
                                "output": 16777216
                            }
                        }
                    }
                }
            },
            "decode": {
                "overall": {
                    "time": 0.175220224,
                    "flops": 0.187695104,
                    "throughput": 1.0711954346091923,
                    "arithmetic_intensity": 1.071195434609192
                },
                "breakdown": {
                    "wq": {
                        "time": 0.008396800000000001,
                        "type": "gemm",
                        "flops": 0.008388608,
                        "throughput": 0.9990243902439024,
                        "arithmetic_intensity": 0.9990243902439024,
                        "metadata": {
                            "params": {
                                "B": 1,
                                "M": 1,
                                "N": 2048,
                                "K": 2048
                            }
                        }
                    },
                    "wk": {
                        "time": 0.001053184,
                        "type": "gemm",
                        "flops": 0.001048576,
                        "throughput": 0.9956246961594556,
                        "arithmetic_intensity": 0.9956246961594555,
                        "metadata": {
                            "params": {
                                "B": 1,
                                "M": 1,
                                "N": 256,
                                "K": 2048
                            }
                        }
                    },