{
    "args": {
        "model_name": "Qwen/Qwen2.5-3B-Instruct",
        "batch_size": 1,
        "sum_seq_len": 4096,
        "gen_seq_len": 64,
        "warmup_iters": 20,
        "seed": 42
    },
    "performance": {
        "unit": {
            "time": "ms",
            "throughput": "tokens/s",
            "memory": "GB"
        },
        "TTFT_time": 206.78860473632812,
        "decoding_time": 2409.22021484375,
        "decoding_throughput": 26.56461190458288
    },
    "memory_usage": {
        "load_model_peak_memory": 5.748046875,
        "prefill_peak_memory": 1.3167724609375,
        "decoding_peak_memory": 0.0020036697387695312
    },
    "finegrained": {
        "unit": {
            "time": "ms",
            "throughput": "tokens/s"
        },
        "components": [
            "wq",
            "wk",
            "wv",
            "wo",
            "qK",
            "softmax",
            "sV",
            "w1",
            "w2",
            "w3",
            "qK_softmax_sV_fused"
        ],
        "prefill": {
            "wq": 0.2098995563056734,
            "wk": 0.03934844376312362,
            "wv": 0.03946755495336321,
            "wo": 0.20892000074187914,
            "qK": null,
            "softmax": null,
            "sV": null,
            "w1": 1.120920009083218,
            "w2": 1.109955565796958,
            "w3": 1.144514673286014,
            "qK_softmax_sV_fused": 0.5462044427792231
        },
        "prefill_counts": {
            "wq": 36,
            "wk": 36,
            "wv": 36,
            "wo": 36,
            "qK": 0,
            "softmax": 0,
            "sV": 0,
            "w1": 36,
            "w2": 36,
            "w3": 36,
            "qK_softmax_sV_fused": 36
        },
        "decode": {
            "wq": 0.068065749681005,
            "wk": 0.052787139158277166,
            "wv": 0.0520040835104333,
            "wo": 0.04923526358713085,
            "qK": null,
            "softmax": null,
            "sV": null,
            "w1": 0.07978097378509119,
            "w2": 0.06946701396696477,
            "w3": 0.07199177813729168,
            "qK_softmax_sV_fused": 0.05966987515502195
        },
        "decode_counts": {
            "wq": 2304,
            "wk": 2304,
            "wv": 2304,
            "wo": 2304,
            "qK": 0,
            "softmax": 0,
            "sV": 0,
            "w1": 2304,
            "w2": 2304,
            "w3": 2304,
            "qK_softmax_sV_fused": 2304
        },
        "fused_attention": true,
        "note": "If qK/softmax/sV are fused (e.g., SDPA/FlashAttention), timings appear under qK_softmax_sV_fused.",
        "detail_enabled": false
    }
}