{
    "args": {
        "model_config_path": "scripts/../gpu_simulation/model_config/Qwen2.5-3B-Instruct.json",
        "hardware_config_path": "scripts/../gpu_simulation/hardware_config/RTX4090.yaml",
        "sum_seq_len": 1024,
        "gen_seq_len": 64,
        "batch_size": 1
    },
    "performance": {
        "unit": {
            "time": "ms",
            "throughput": "tokens/s"
        },
        "TTFT_time": 9.418457087999998,
        "decoding_time": 357.80493312000004,
        "decoding_throughput": 178.86841146076594,
        "performance_per_layer": {
            "unit": {
                "time": "ms",
                "flops": "GFLOPs",
                "throughput": "TFLOPS",
                "arithmetic_intensity": "FLOPS/byte"
            },
            "prefill": {
                "overall": {
                    "time": 0.26162380799999996,
                    "flops": 157.84424243200002,
                    "throughput": 603.3252234903638,
                    "arithmetic_intensity": 603.3252234903637
                },
                "breakdown": {
                    "wq": {
                        "time": 0.016777216,
                        "flops": 8.589934592,
                        "throughput": 511.99999999999994,
                        "arithmetic_intensity": 512.0,
                        "metadata": {
                            "params": {
                                "B": 1,
                                "M": 1024,
                                "N": 2048,
                                "K": 2048
                            }
                        }
                    },
                    "wk": {
                        "time": 0.0057671680000000005,
                        "flops": 1.073741824,
                        "throughput": 186.1818181818182,
                        "arithmetic_intensity": 186.1818181818182,
                        "metadata": {
                            "params": {
                                "B": 1,
                                "M": 1024,
                                "N": 256,
                                "K": 2048
                            }
                        }
                    },
                    "wv": {
                        "time": 0.0057671680000000005,
                        "flops": 1.073741824,
                        "throughput": 186.1818181818182,
                        "arithmetic_intensity": 186.1818181818182,
                        "metadata": {
                            "params": {
                                "B": 1,
                                "M": 1024,
                                "N": 256,
                                "K": 2048
                            }
                        }
                    },
                    "wo": {
                        "time": 0.016777216,
                        "flops": 8.589934592,
                        "throughput": 511.99999999999994,
                        "arithmetic_intensity": 512.0,
                        "metadata": {
                            "params": {
                                "B": 1,
                                "M": 1024,
                                "N": 2048,
                                "K": 2048
                            }
                        }
                    },
                    "w1": {
                        "time": 0.071827456,
                        "flops": 46.170898432,
                        "throughput": 642.8029197080292,
                        "arithmetic_intensity": 642.8029197080292,
                        "metadata": {
                            "params": {
                                "B": 1,
                                "M": 1024,
                                "N": 2048,
                                "K": 11008
                            }
                        }
                    },
                    "w3": {
                        "time": 0.071827456,
                        "flops": 46.170898432,
                        "throughput": 642.8029197080292,
                        "arithmetic_intensity": 642.8029197080292,
                        "metadata": {
                            "params": {
                                "B": 1,
                                "M": 1024,
                                "N": 2048,
                                "K": 11008
                            }
                        }
                    },
                    "w2": {
                        "time": 0.071827456,
                        "flops": 46.170898432,
                        "throughput": 642.8029197080292,
                        "arithmetic_intensity": 642.8029197080292,
                        "metadata": {
                            "params": {
                                "B": 1,
                                "M": 1024,
                                "N": 11008,
                                "K": 2048
                            }
                        }
                    },
                    "qK_softmax_sV_fused": {
                        "time": 0.0010526720000000002,
                        "flops": 0.004194304,
                        "throughput": 3.9844357976653693,
                        "arithmetic_intensity": 3.9844357976653697,
                        "metadata": {
                            "params": {
                                "B": 1,
                                "H_kv": 2,
                                "num_q_per_kv": 8,
                                "Lin": 1024,
                                "D_h": 128
                            }
                        }
                    }
                }
            },
            "decode": {
                "overall": {
                    "time": 0.15529728,
                    "flops": 0.15833497600000002,
                    "throughput": 1.0195605228887459,
                    "arithmetic_intensity": 1.019560522888746
                },
                "breakdown": {
                    "wq": {
                        "time": 0.008396800000000001,
                        "flops": 0.008388608,
                        "throughput": 0.9990243902439024,
                        "arithmetic_intensity": 0.9990243902439024,
                        "metadata": {
                            "params": {
                                "B": 1,
                                "M": 1,
                                "N": 2048,
                                "K": 2048
                            }
                        }
                    },
                    "wk": {
                        "time": 0.001053184,
                        "flops": 0.001048576,
                        "throughput": 0.9956246961594556,
                        "arithmetic_intensity": 0.9956246961594555,
                        "metadata": {
                            "params": {
                                "B": 1,
                                "M": 1,
                                "N": 256,
                                "K": 2048
                            }
                        }
                    },
                    "wv": {
                        "time": 0.001053184,
                        "flops": 0.001048576,
                        "throughput": 0.9956246961594556,
                        "arithmetic_intensity": 0.9956246961594555,
                        "metadata": {
                            "params": {
                                "B": 1,
                                "M": 1,
                                "N": 256,
                                "K": 2048
                            }
                        }
                    },
                    "wo": {
                        "time": 0.008396800000000001,
                        "flops": 0.008388608,
                        "throughput": 0.9990243902439024,