{
    "args": {
        "model_config_path": "scripts/../gpu_simulation/model_config/Qwen2.5-3B-Instruct.json",
        "hardware_config_path": "scripts/../gpu_simulation/hardware_config/RTX4090.yaml",
        "sum_seq_len": 1024,
        "gen_seq_len": 64,
        "batch_size": 1
    },
    "performance": {
        "unit": {
            "time": "ms",
            "throughput": "tokens/s"
        },
        "TTFT_time": 9.848393944883508,
        "decoding_time": 367.46860953600003,
        "decoding_throughput": 174.16453634179078,
        "performance_per_layer": {
            "unit": {
                "time": "ms",
                "flops": "GFLOPs",
                "throughput": "TFLOPS",
                "arithmetic_intensity": "FLOPS/byte"
            },
            "prefill": {
                "overall": {
                    "time": 0.27356649846898634,
                    "flops": 166.42998272,
                    "throughput": 608.3712137685887,
                    "arithmetic_intensity": 616.3883495145631
                },
                "breakdown": {
                    "wq": {
                        "time": 0.016777216,
                        "flops": 8.589934592,
                        "throughput": 511.99999999999994,
                        "arithmetic_intensity": 512.0,
                        "metadata": {
                            "params": {
                                "B": 1,
                                "M": 1024,
                                "N": 2048,
                                "K": 2048
                            }
                        }
                    },
                    "wk": {
                        "time": 0.0057671680000000005,
                        "flops": 1.073741824,
                        "throughput": 186.1818181818182,
                        "arithmetic_intensity": 186.1818181818182,
                        "metadata": {
                            "params": {
                                "B": 1,
                                "M": 1024,
                                "N": 256,
                                "K": 2048
                            }
                        }
                    },
                    "wv": {
                        "time": 0.0057671680000000005,
                        "flops": 1.073741824,
                        "throughput": 186.1818181818182,
                        "arithmetic_intensity": 186.1818181818182,
                        "metadata": {
                            "params": {
                                "B": 1,
                                "M": 1024,
                                "N": 256,
                                "K": 2048
                            }
                        }
                    },
                    "wo": {
                        "time": 0.016777216,
                        "flops": 8.589934592,
                        "throughput": 511.99999999999994,
                        "arithmetic_intensity": 512.0,
                        "metadata": {
                            "params": {
                                "B": 1,
                                "M": 1024,
                                "N": 2048,
                                "K": 2048
                            }
                        }
                    },
                    "w1": {
                        "time": 0.071827456,
                        "flops": 46.170898432,
                        "throughput": 642.8029197080292,
                        "arithmetic_intensity": 642.8029197080292,
                        "metadata": {
                            "params": {
                                "B": 1,
                                "M": 1024,
                                "N": 2048,
                                "K": 11008
                            }
                        }
                    },
                    "w3": {
                        "time": 0.071827456,
                        "flops": 46.170898432,
                        "throughput": 642.8029197080292,
                        "arithmetic_intensity": 642.8029197080292,
                        "metadata": {
                            "params": {
                                "B": 1,
                                "M": 1024,
                                "N": 2048,
                                "K": 11008
                            }
                        }
                    },
                    "w2": {
                        "time": 0.071827456,
                        "flops": 46.170898432,
                        "throughput": 642.8029197080292,
                        "arithmetic_intensity": 642.8029197080292,
                        "metadata": {
                            "params": {
                                "B": 1,
                                "M": 1024,
                                "N": 11008,
                                "K": 2048
                            }
                        }
                    },
                    "qK_softmax_sV_fused": {
                        "time": 0.012995362468986386,
                        "flops": 8.589934592,
                        "throughput": 660.9999999999999,
                        "arithmetic_intensity": 910.2222222222222,
                        "metadata": {
                            "params": {
                                "B": 1,
                                "H_kv": 2,
                                "num_q_per_kv": 8,
                                "Lin": 1024,
                                "D_h": 128
                            },
                            "flops": 8589934592,
                            "data_transfer_size": 9437184,
                            "data_transfer_size_breakdown": {
                                "Q": 4194304,
                                "K": 524288,
                                "V": 524288,
                                "output": 4194304
                            }
                        }
                    }
                }
            },
            "decode": {
                "overall": {
                    "time": 0.15949158400000002,
                    "flops": 0.16252928,
                    "throughput": 1.0190461209539432,
                    "arithmetic_intensity": 1.0190461209539432
                },
                "breakdown": {
                    "wq": {
                        "time": 0.008396800000000001,
                        "flops": 0.008388608,
                        "throughput": 0.9990243902439024,
                        "arithmetic_intensity": 0.9990243902439024,
                        "metadata": {
                            "params": {
                                "B": 1,
                                "M": 1,
                                "N": 2048,
                                "K": 2048
                            }
                        }
                    },
                    "wk": {
                        "time": 0.001053184,
                        "flops": 0.001048576,
                        "throughput": 0.9956246961594556,
                        "arithmetic_intensity": 0.9956246961594555,
                        "metadata": {
                            "params": {
                                "B": 1,
                                "M": 1,
                                "N": 256,
                                "K": 2048
                            }
                        }
                    },
                    "wv": {
                        "time": 0.001053184,
                        "flops": 0.001048576,
                        "throughput": 0.9956246961594556,
                        "arithmetic_intensity": 0.9956246961594555,
                        "metadata": {
                            "params": {
                                "B": 1,
                                "M": 1,