{
    "args": {
        "model_name": "Qwen/Qwen2.5-3B-Instruct",
        "batch_size": 1,
        "sum_seq_len": 8192,
        "gen_seq_len": 64,
        "warmup_iters": 20,
        "seed": 42
    },
    "performance": {
        "TTFT_time": 466.25970458984375,
        "decoding_time": 2184.005615234375,
        "latency_unit": "ms",
        "decoding_throughput": 29.303953961277653,
        "throughput_unit": "tokens/s"
    },
    "memory_usage": {
        "load_model_peak_memory": 5.748046875,
        "prefill_peak_memory": 2.6312255859375,
        "decoding_peak_memory": 0.003927707672119141,
        "memory_unit": "GB"
    },
    "finegrained": {
        "components": [
            "wq",
            "wk",
            "wv",
            "wo",
            "qK",
            "softmax",
            "sV",
            "w1",
            "w2",
            "w3",
            "qK_softmax_sV_fused"
        ],
        "prefill_avg_ms": {
            "wq": 0.42383110854360795,
            "wk": 0.059733334411349565,
            "wv": 0.05935733413530721,
            "wo": 0.40992355595032376,
            "qK": null,
            "softmax": null,
            "sV": null,
            "w1": 2.1912240187327066,
            "w2": 2.2356240153312683,
            "w3": 2.2040115462409124,
            "qK_softmax_sV_fused": 1.925660447941886
        },
        "prefill_counts": {
            "wq": 36,
            "wk": 36,
            "wv": 36,
            "wo": 36,
            "qK": 0,
            "softmax": 0,
            "sV": 0,
            "w1": 36,
            "w2": 36,
            "w3": 36,
            "qK_softmax_sV_fused": 36
        },
        "decode_avg_ms": {
            "wq": 0.06147029148269212,
            "wk": 0.04911052799232291,
            "wv": 0.048195333552131264,
            "wo": 0.045368749861760684,
            "qK": null,
            "softmax": null,
            "sV": null,
            "w1": 0.07476769620876035,
            "w2": 0.06702575003954633,
            "w3": 0.06957572258155172,
            "qK_softmax_sV_fused": 0.05305545854692658
        },
        "decode_counts": {
            "wq": 2304,
            "wk": 2304,
            "wv": 2304,
            "wo": 2304,
            "qK": 0,
            "softmax": 0,
            "sV": 0,
            "w1": 2304,
            "w2": 2304,
            "w3": 2304,
            "qK_softmax_sV_fused": 2304
        },
        "fused_attention": true,
        "note": "If qK/softmax/sV are fused (e.g., SDPA/FlashAttention), timings appear under qK_softmax_sV_fused.",
        "latency_unit": "ms",
        "detail_enabled": false
    }
}