{
    "args": {
        "model_name": "Qwen/Qwen2.5-3B-Instruct",
        "batch_size": 1,
        "sum_seq_len": 8192,
        "gen_seq_len": 64,
        "warmup_iters": 20,
        "seed": 42
    },
    "performance": {
        "unit": {
            "time": "ms",
            "throughput": "tokens/s",
            "memory": "GB"
        },
        "TTFT_time": 462.4895935058594,
        "decoding_time": 2389.979248046875,
        "decoding_throughput": 26.77847519065352
    },
    "memory_usage": {
        "load_model_peak_memory": 5.748046875,
        "prefill_peak_memory": 2.6312255859375,
        "decoding_peak_memory": 0.003927707672119141
    },
    "finegrained": {
        "unit": {
            "time": "ms",
            "throughput": "tokens/s"
        },
        "components": [
            "wq",
            "wk",
            "wv",
            "wo",
            "qK",
            "softmax",
            "sV",
            "w1",
            "w2",
            "w3",
            "qK_softmax_sV_fused"
        ],
        "prefill": {
            "wq": 0.4194675576355722,
            "wk": 0.058981334066225424,
            "wv": 0.05898933423062166,
            "wo": 0.406764443549845,
            "qK": null,
            "softmax": null,
            "sV": null,
            "w1": 2.1728906631469727,
            "w2": 2.203113774458567,
            "w3": 2.18941601117452,
            "qK_softmax_sV_fused": 1.911690678861406
        },
        "prefill_counts": {
            "wq": 36,
            "wk": 36,
            "wv": 36,
            "wo": 36,
            "qK": 0,
            "softmax": 0,
            "sV": 0,
            "w1": 36,
            "w2": 36,
            "w3": 36,
            "qK_softmax_sV_fused": 36
        },
        "decode": {
            "wq": 0.06937179151160915,
            "wk": 0.05277179193560894,
            "wv": 0.052444472416229675,
            "wo": 0.04913615248935659,
            "qK": null,
            "softmax": null,
            "sV": null,
            "w1": 0.07801995998791729,
            "w2": 0.06968638892350201,
            "w3": 0.07206691701301476,
            "qK_softmax_sV_fused": 0.05770758344927648
        },
        "decode_counts": {
            "wq": 2304,
            "wk": 2304,
            "wv": 2304,
            "wo": 2304,
            "qK": 0,
            "softmax": 0,
            "sV": 0,
            "w1": 2304,
            "w2": 2304,
            "w3": 2304,
            "qK_softmax_sV_fused": 2304
        },
        "fused_attention": true,
        "note": "If qK/softmax/sV are fused (e.g., SDPA/FlashAttention), timings appear under qK_softmax_sV_fused.",
        "detail_enabled": false
    }
}