{
    "args": {
        "model_name": "Qwen/Qwen2.5-3B-Instruct",
        "batch_size": 1,
        "sum_seq_len": 1024,
        "gen_seq_len": 64,
        "warmup_iters": 20,
        "seed": 42
    },
    "performance": {
        "unit": {
            "time": "ms",
            "throughput": "tokens/s",
            "memory": "GB"
        },
        "TTFT_time": 50.98905563354492,
        "decoding_time": 2700.616943359375,
        "decoding_throughput": 23.698288703020786
    },
    "memory_usage": {
        "load_model_peak_memory": 5.748046875,
        "prefill_peak_memory": 0.328857421875,
        "decoding_peak_memory": 0.0005402565002441406
    },
    "finegrained": {
        "unit": {
            "time": "ms",
            "throughput": "tokens/s"
        },
        "components": [
            "wq",
            "wk",
            "wv",
            "wo",
            "qK",
            "softmax",
            "sV",
            "w1",
            "w2",
            "w3",
            "qK_softmax_sV_fused"
        ],
        "prefill": {
            "wq": 0.059521778797109924,
            "wk": 0.016750222046135202,
            "wv": 0.015912888675100274,
            "wo": 0.058636445448630385,
            "qK": null,
            "softmax": null,
            "sV": null,
            "w1": 0.28989599727922016,
            "w2": 0.2890053325229221,
            "w3": 0.2883511094583405,
            "qK_softmax_sV_fused": 0.06084977897504965
        },
        "prefill_counts": {
            "wq": 36,
            "wk": 36,
            "wv": 36,
            "wo": 36,
            "qK": 0,
            "softmax": 0,
            "sV": 0,
            "w1": 36,
            "w2": 36,
            "w3": 36,
            "qK_softmax_sV_fused": 36
        },
        "decode": {
            "wq": 0.07988269410513264,
            "wk": 0.06005830571626171,
            "wv": 0.05942181954479667,
            "wo": 0.05558866644342844,
            "qK": null,
            "softmax": null,
            "sV": null,
            "w1": 0.08288391791090059,
            "w2": 0.07626872259748375,
            "w3": 0.07485404233254182,
            "qK_softmax_sV_fused": 0.06560133348264369
        },
        "decode_counts": {
            "wq": 2304,
            "wk": 2304,
            "wv": 2304,
            "wo": 2304,
            "qK": 0,
            "softmax": 0,
            "sV": 0,
            "w1": 2304,
            "w2": 2304,
            "w3": 2304,
            "qK_softmax_sV_fused": 2304
        },
        "fused_attention": true,
        "note": "If qK/softmax/sV are fused (e.g., SDPA/FlashAttention), timings appear under qK_softmax_sV_fused.",
        "detail_enabled": false
    }
}